health identifier,health identifier province,first name,last name,middle name,phone,email,address 1,address 2,address province,address city,address postal code,date of birth,sex
13,Alberta,Barbara,Jackson,,867-555-6783,barbara.jackson@example.com,123 Pine Dr,,Alberta,Edmonton,Y1A 5N1,1991-08-13,M
19,AB,Brian,Rodriguez,Hall,403-555-4568,brian.rodriguez@example.com,123 Birch Dr,Unit 4,Alberta,Edmonton,T2P1M9,1982-07-20,M
12,Alberta,David,Thomas,Lewis,867-555-2342,david.thomas@example.com,,,Alberta,Edmonton,X1A 2N9,1989-28-04,M
8,Alberta,Elizabeth,Davis,,1-902-555-7890,elizabeth.davis@example.com,456 Pine St,,Alberta,Edmonton,,1992-02-04,F
5,British Columbia,James,Brown,Jones,403-555-8901,james.brown@example.com,789 Pine St,Unit 2,BC,squamish,T2P 1M9,1975-11-22,M
2,Alberta,Jane,Smith,lee,604-555-4567,jane.smith@example.com,456 Maple Dr,,Alberta,Edmonton,V6B 1A4,1982-07-18,F
10,Alberta,Mary Anne,Thomas,Clark,709-555-4567,jennifer.taylor@example.com,321 Spruce St,,Alberta,Calgary,A1C 5S7,1981-11-29,F
15,Alberta,Jessica,Moore,Lee,902-555-3450,jessica.moore@example.com,789 Birch Dr,Apt 10,Alberta,Edmonton,C1A 7N1,,F
unknown,Alberta,john,doe,Smith,416-555-0123,john.doe@example.com,123 Fake St,Apt 4,Alberta,Edmonton,M5V 1E3,1980-05-12,M
16,Alberta,Joseph,Harris,,902-555-6781,joseph.harris@example.com,321 Pine St,,Alberta,Edmonton,B3K5M7,1990-01-09,M
18,Alberta,Karen,Clark,,418-555-1235,karen.clark@example.com,,,Alberta,Edmonton,H3Z 2V8,1986-03-06,nb
20,Alberta,Kevin,Cheng,Thompson,604-555-7893,kevin.miller@example.com,456 Elm St,,Alberta,Calgary,V6B 1A4,1979-08-30,M
11,Alberta,Linda,Anderson,,,linda.anderson@example.com,654 Elm St,,Alberta,Edmonton,X0A 0H0,1977-03-15,F
4,Alberta,Mary,Johnson,,418-555-2345,mary.johnson@example.com,,,Alberta,Edmonton,H3Z 2V8,1990-03-07,F
14,Alberta,Gurdeep,Singh,,867-555-0123,matthew.white@example.com,456 Oak St,,Alberta,Edmonton,,1987-12-01,F
7,Alberta,Michael,Miller,Jackson,902-555-3456,michael.miller@example.com,123 Elm Dr,Apt 3,Alberta,Edmonton,B3K 5M7,1984-06-30,m
6,Alberta,Patricia,Jones,Anderson,506-555-0120,patricia.jones@example.com,987 Spruce St,,Alberta,Edmonton,,1978-01-20,u
5,Alberta,Robert,WILLIAMS,,204-555-6789,robert.williams@example.com;,654 Birch Dr,Suite 10,Alberta,Edmonton,R3C 0R3,1986-09-16,M
17,Alberta,Susan,Martin,Smith,204-555-8902,susan.martin@example.com,654 Spruce St,Suite 3,Alberta,Edmonton,R3C 0R3,1985-02-16,F
unknown,Alberta,William,Wilson,,306-555-1234,william.wilson@example.com,789 Maple Dr,Suite 20,Alberta,Edmonton,S4P 3X1,1988-07-15,M
22,Alberta,John,Doe,A,213-555-0101,john.doe22@example.com,101 Main St,,Alberta,Edmonton,T5J 2Z2,1980-01-01,M
23,British Columbia,Jane,Smith,B,314-555-0102,jane.smith23@example.com,102 Main St,Apt 1,BC,Vancouver,V6B 1A1,1981-02-02,F
24,Ontario,Michael,Johnson,C,415-555-0103,michael.johnson24@example.com,103 Main St,,Ontario,Toronto,M5V 2H1,1982-03-03,M
25,Alberta,Emily,Williams,D,516-555-0104,emily.williams25@example.com,104 Main St,,Alberta,Calgary,T2P 1J9,1983-04-04,F
26,Quebec,Chris,Brown,E,617-555-0105,chris.brown26@example.com,105 Main St,,Quebec,Montreal,H2Y 1N1,1984-05-05,M
27,Alberta,Amanda,Jones,F,718-555-0106,amanda.jones27@example.com,106 Main St,,Alberta,Edmonton,T5J 2Z2,1985-06-06,F
28,Manitoba,Matthew,Garcia,G,819-555-0107,matthew.garcia28@example.com,107 Main St,,Manitoba,Winnipeg,R3C 1A1,1986-07-07,M
29,Saskatchewan,Sarah,Miller,H,920-555-0108,sarah.miller29@example.com,108 Main St,,Saskatchewan,Regina,S4P 3C8,1987-08-08,F
30,Alberta,David,Davis,I,231-555-0109,david.davis30@example.com,109 Main St,,Alberta,Calgary,T2P 1J9,1988-09-09,M
31,Nova Scotia,Ashley,Rodriguez,J,342-555-0110,ashley.rodriguez31@example.com,110 Main St,,Nova Scotia,Halifax,B3J 1S9,1989-10-10,F
32,Alberta,James,Martinez,K,453-555-0111,james.martinez32@example.com,111 Main St,,Alberta,Edmonton,T5J 2Z2,1990-11-11,M
33,British Columbia,Jessica,Hernandez,L,564-555-0112,jessica.hernandez33@example.com,112 Main St,,BC,Vancouver,V6B 1A1,1991-12-12,F
34,Ontario,Robert,Lopez,M,675-555-0113,robert.lopez34@example.com,113 Main St,,Ontario,Toronto,M5V 2H1,1992-01-13,M
35,Alberta,Jennifer,Gonzalez,N,786-555-0114,jennifer.gonzalez35@example.com,114 Main St,,Alberta,Calgary,T2P 1J9,1993-02-14,F
36,Quebec,Daniel,Wilson,O,897-555-0115,daniel.wilson36@example.com,115 Main St,,Quebec,Montreal,H2Y1N1,1994-03-15,M
37,Alberta,Melissa,Anderson,P,908-555-0116,melissa.anderson37@example.com,116 Main St,,Alberta,Edmonton,T5J 2Z2,1995-04-16,F
38,Manitoba,William,Thomas,Q,129-555-0117,william.thomas38@example.com,117 Main St,,Manitoba,Winnipeg,R3C 1A1,1996-05-17,M
39,Saskatchewan,Stephanie,Taylor,R,240-555-0118,stephanie.taylor39@example.com,118 Main St,,Saskatchewan,Regina,S4P 3C8,1997-06-18,F
40,Alberta,Joseph,Moore,S,351-555-0119,joseph.moore40@example.com,119 Main St,,Alberta,Calgary,T2P 1J9,1998-07-19,M
41,Nova Scotia,Nicole,Jackson,T,462-555-0120,nicole.jackson41@example.com,120 Main St,,Nova Scotia,Halifax,B3J 1S9,1999-08-20,F
42,Alberta,Richard,Martin,U,573-555-0121,richard.martin42@example.com,121 Main St,,Alberta,Edmonton,T5J 2Z2,2000-09-21,M
43,British Columbia,Heather,Lee,V,684-555-0122,heather.lee43@example.com,122 Main St,,BC,Vancouver,V6B 1A1,2001-10-22,F
44,Ontario,Charles,Perez,W,795-555-0123,charles.perez44@example.com,123 Main St,,Ontario,Toronto,M5V 2H1,2002-11-23,M
45,Alberta,Michelle,Thompson,X,806-555-0124,michelle.thompson45@example.com,124 Main St,,Alberta,Calgary,T2P 1J9,2003-12-24,F
46,Quebec,Thomas,White,Y,917-555-0125,thomas.white46@example.com,125 Main St,,Quebec,Montreal,H2Y 1N1,1980-01-25,M
47,Alberta,Kimberly,Harris,Z,138-555-0126,kimberly.harris47@example.com,126 Main St,,Alberta,Edmonton,T5J 2Z2,1981-02-26,F
48,Manitoba,Christopher,Sanchez,A,249-555-0127,christopher.sanchez48@example.com,127 Main St,,Manitoba,Winnipeg,R3C 1A1,1982-03-27,M
49,Saskatchewan,Amy,Clark,B,350-555-0128,amy.clark49@example.com,128 Main St,,Saskatchewan,Regina,S4P 3C8,1983-04-28,F
50,Alberta,Matthew,Ramirez,C,461-555-0129,matthew.ramirez50@example.com,129 Main St,,Alberta,Calgary,T2P 1J9,1984-05-29,M
51,Nova Scotia,Angela,Lewis,D,572-555-0130,angela.lewis51@example.com,130 Main St,,Nova Scotia,Halifax,B3J 1S9,1985-06-30,F
52,Alberta,Anthony,Robinson,E,683-555-0131,anthony.robinson52@example.com,131 Main St,,Alberta,Edmonton,T5J 2Z2,1986-07-31,M
53,British Columbia,Shirley,Walker,F,794-555-0132,shirley.walker53@example.com,132 Main St,,BC,Vancouver,V6B 1A1,1987-08-01,F
54,Ontario,Mark,Young,G,805-555-0133,mark.young54@example.com,133 Main St,,Ontario,Toronto,M5V 2H1,1988-09-02,M
55,Alberta,Brenda,Allen,H,916-555-0134,brenda.allen55@example.com,134 Main St,,Alberta,Calgary,T2P 1J9,1989-10-03,F
56,Quebec,Paul,King,I,127-555-0135,paul.king56@example.com,135 Main St,,Quebec,Montreal,H2Y 1N1,1990-11-04,M
57,Alberta,Rachel,Wright,J,238-555-0136,rachel.wright57@example.com,136 Main St,,Alberta,Edmonton,T5J 2Z2,1991-12-05,F
58,Manitoba,Steven,Scott,K,349-555-0137,steven.scott58@example.com,137 Main St,,Manitoba,Winnipeg,R3C 1A1,1992-01-06,M
59,Saskatchewan,Catherine,Torres,L,450-555-0138,catherine.torres59@example.com,138 Main St,,Saskatchewan,Regina,S4P 3C8,1993-02-07,F
60,Alberta,Andrew,Nguyen,M,561-555-0139,andrew.nguyen60@example.com,139 Main St,,Alberta,Calgary,T2P 1J9,1994-03-08,M
61,Nova Scotia,Virginia,Hill,N,672-555-0140,virginia.hill61@example.com,140 Main St,,Nova Scotia,Halifax,B3J 1S9,1995-04-09,F
62,Alberta,Kenneth,Flores,O,783-555-0141,kenneth.flores62@example.com,141 Main St,,Alberta,Edmonton,T5J 2Z2,1996-05-10,M
63,British Columbia,Katherine,Green,P,894-555-0142,katherine.green63@example.com,142 Main St,,BC,Vancouver,V6B 1A1,1997-06-11,F
64,Ontario,Joshua,Adams,Q,905-555-0143,joshua.adams64@example.com,143 Main St,,Ontario,Toronto,M5V 2H1,1998-07-12,M
65,Alberta,Samantha,Nelson,R,136-555-0144,samantha.nelson65@example.com,144 Main St,,Alberta,Calgary,T2P 1J9,1999-08-13,F
66,Quebec,Kevin,Baker,S,247-555-0145,kevin.baker66@example.com,145 Main St,,Quebec,Montreal,H2Y 1N1,2000-09-14,M
67,Alberta,Debra,Hall,T,358-555-0146,debra.hall67@example.com,146 Main St,,Alberta,Edmonton,T5J 2Z2,2001-10-15,F
68,Manitoba,Brian,Rivera,U,469-555-0147,brian.rivera68@example.com,147 Main St,,Manitoba,Winnipeg,R3C 1A1,2002-11-16,M
69,Saskatchewan,Janet,Campbell,V,570-555-0148,janet.campbell69@example.com,148 Main St,,Saskatchewan,Regina,S4P 3C8,2003-12-17,F
70,Alberta,George,Mitchell,W,681-555-0149,george.mitchell70@example.com,149 Main St,,Alberta,Calgary,T2P 1J9,1980-01-18,M
71,Nova Scotia,Carol,Carter,X,792-555-0150,carol.carter71@example.com,150 Main St,,Nova Scotia,Halifax,B3J 1S9,1981-02-19,F
72,Alberta,Edward,Roberts,Y,803-555-0151,edward.roberts72@example.com,151 Main St,,Alberta,Edmonton,T5J 2Z2,1982-03-20,M
73,British Columbia,Emma,Gomez,Z,914-555-0152,emma.gomez73@example.com,152 Main St,,BC,Vancouver,V6B 1A1,1983-04-21,F
74,Ontario,Ronald,Phillips,A,1255550153,ronald.phillips74@example.com,153 Main St,,Ontario,Toronto,M5V 2H1,1984-05-22,M
75,Alberta,Maria,Evans,B,236-555-0154,maria.evans75@example.com,154 Main St,,Alberta,Calgary,T2P 1J9,1985-06-23,F
76,Quebec,Timothy,Turner,C,347-555-0155,timothy.turner76@example.com,155 Main St,,Quebec,Montreal,H2Y 1N1,1986-07-24,M
77,Alberta,Donna,Diaz,D,458-555-0156,donna.diaz77@example.com,156 Main St,,Alberta,Edmonton,T5J 2Z2,1987-08-25,F
78,Manitoba,Jason,Parker,E,569-555-0157,jason.parker78@example.com,157 Main St,,Manitoba,Winnipeg,R3C 1A1,1988-09-26,M
79,Saskatchewan,Ruth,Cruz,F,670-555-0158,ruth.cruz79@example.com,158 Main St,,Saskatchewan,Regina,S4P 3C8,1989-10-27,F
80,Alberta,Jeffrey,Edwards,G,781-555-0159,jeffrey.edwards80@example.com,159 Main St,,Alberta,Calgary,T2P 1J9,1990-11-28,M
81,Nova Scotia,Sharon,Collins,H,892-555-0160,sharon.collins81@example.com,160 Main St,,Nova Scotia,Halifax,B3J 1S9,1991-12-29,F
82,Alberta,Ryan,Reyes,I,903-555-0161,ryan.reyes82@example.com,161 Main St,,Alberta,Edmonton,T5J 2Z2,1992-01-30,M
83,British Columbia,Kathleen,Stewart,J,0-134-555-0162,kathleen.stewart83@example.com,162 Main St,,BC,Vancouver,V6B 1A1,1993-02-01,F
84,Ontario,Jacob,Morris,K,245-555-0163,jacob.morris84@example.com,163 Main St,,Ontario,Toronto,M5V 2H1,1994-03-02,M
85,Alberta,Betty,Morales,L,356-555-0164,betty.morales85@example.com,164 Main St,,Alberta,Calgary,T2P 1J9,1995-04-03,F
86,Quebec,Gary,Murphy,M,467-555-0165,gary.murphy86@example.com,165 Main St,,Quebec,Montreal,H2Y 1N1,1996-05-04,M
87,Alberta,Laura,Cook,N,578-555-0166,laura.cook87@example.com,166 Main St,,Alberta,Edmonton,T5J 2Z2,1997-06-05,F
88,Manitoba,Nicholas,Rogers,O,689-555-0167,nicholas.rogers88@example.com,167 Main St,,Manitoba,Winnipeg,R3C 1A1,1998-07-06,M
89,Saskatchewan,Sarah,Gutierrez,P,790-555-0168,sarah.gutierrez89@example.com,168 Main St,,Saskatchewan,Regina,S4P 3C8,1999-08-07,F
90,Alberta,Eric,Ortiz,Q,801-555-0169,eric.ortiz90@example.com,169 Main St,,Alberta,Calgary,T2P 1J9,2000-09-08,M
91,Nova Scotia,Rebecca,Morgan,R,912-555-0170,rebecca.morgan91@example.com,170 Main St,,Nova Scotia,Halifax,B3J 1S9,2001-10-09,F
92,Alberta,Jonathan,Cooper,S,123-555-0171,jonathan.cooper92@example.com,171 Main St,,Alberta,Edmonton,T5J 2Z2,2002-11-10,M
93,British Columbia,Gloria,Peterson,T,234-555-0172,gloria.peterson93@example.com,172 Main St,,BC,Vancouver,V6B 1A1,2003-12-11,F
94,Ontario,Stephen,Bailey,U,345-555-0173,stephen.bailey94@example.com,173 Main St,,Ontario,Toronto,M5V 2H1,1980-01-12,M
95,Alberta,Teresa,Reed,V,456-555-0174,teresa.reed95@example.com,174 Main St,,Alberta,Calgary,T2P 1J9,1981-02-13,F
96,Quebec,Larry,Kelly,W,567-555-0175,larry.kelly96@example.com,175 Main St,,Quebec,Montreal,H2Y 1N1,1982-03-14,M
97,Alberta,Martha,Howard,X,678-555-0176,martha.howard97@example.com,176 Main St,,Alberta,Edmonton,T5J 2Z2,1983-04-15,F
98,Manitoba,Justin,Ramos,Y,789-555-0177,justin.ramos98@example.com,177 Main St,,Manitoba,Winnipeg,R3C 1A1,1984-05-16,M
99,Saskatchewan,Dorothy,Kim,Z,890-555-0178,dorothy.kim99@example.com,178 Main St,,Saskatchewan,Regina,S4P 3C8,1985-06-17,F
100,Alberta,Scott,Cox,A,901-555-0179,scott.cox100@example.com,179 Main St,,Alberta,Calgary,T2P 1J9,1986-07-18,M
101,Nova Scotia,Evelyn,Ward,B,132-555-0180,evelyn.ward101@example.com,180 Main St,,Nova Scotia,Halifax,B3J 1S9,1987-08-19,F
102,Alberta,Brandon,Richardson,C,243-555-0181,brandon.richardson102@example.com,181 Main St,,Alberta,Edmonton,T5J 2Z2,1988-09-20,M
103,British Columbia,Frances,Watson,D,354-555-0182,frances.watson103@example.com,182 Main St,,BC,Vancouver,V6B 1A1,1989-10-21,F
104,Ontario,Benjamin,Brooks,E,465-555-0183,benjamin.brooks104@example.com,183 Main St,,Ontario,Toronto,M5V 2H1,1990-11-22,M
105,Alberta,Ann,Chavez,F,576-555-0184,ann.chavez105@example.com,184 Main St,,Alberta,Calgary,T2P 1J9,1991-12-23,F
106,Quebec,Samuel,Wood,G,687-555-0185,samuel.wood106@example.com,185 Main St,,Quebec,Montreal,H2Y 1N1,1992-01-24,M
107,Alberta,Alice,James,H,798-555-0186,alice.james107@example.com,186 Main St,,Alberta,Edmonton,T5J 2Z2,1993-02-25,F
108,Manitoba,Gregory,Bennett,I,809-555-0187,gregory.bennett108@example.com,187 Main St,,Manitoba,Winnipeg,R3C 1A1,1994-03-26,M
109,Saskatchewan,Julie,Gray,J,910-555-0188,julie.gray109@example.com,188 Main St,,Saskatchewan,Regina,S4P 3C8,1995-04-27,F
110,Alberta,Frank,Mendoza,K,121-555-0189,frank.mendoza110@example.com,189 Main St,,Alberta,Calgary,T2P 1J9,1996-05-28,M
111,Nova Scotia,Marie,Ruiz,L,232-555-0190,marie.ruiz111@example.com,190 Main St,,Nova Scotia,Halifax,B3J 1S9,1997-06-29,F
112,Alberta,Alexander,Hughes,M,343-555-0191,alexander.hughes112@example.com,191 Main St,,Alberta,Edmonton,T5J 2Z2,1998-07-30,M
113,British Columbia,Diana,Price,N,454-555-0192,diana.price113@example.com,192 Main St,Apt 4000,BC,Vancouver,V6B 1A1,1999-08-31,F
114,Ontario,Raymond,Alvarez,O,565-555-0193,raymond.alvarez114@example.com,193 Main St,,Ontario,Toronto,M5V 2H1,2000-09-01,M
115,Alberta,Joan,Castillo,P,676-555-0194,joan.castillo115@example.com,194 Main St,,Alberta,Calgary,T2P 1J9,2001-10-02,F
116,Quebec,Patrick,Sanders,Q,787-555-0195,patrick.sanders116@example.com,195 Main St,,Quebec,Montreal,H2Y 1N1,2002-11-03,M
117,Alberta,Joyce,Patel,R,898-555-0196,joyce.patel117@example.com,196 Main St,,Alberta,Edmonton,T5J 2Z2,2003-12-04,F
118,Manitoba,Jack,Myers,S,909-555-0197,jack.myers118@example.com,197 Main St,,Manitoba,Winnipeg,R3C 1A1,1980-01-05,M
119,Saskatchewan,Kelly,Long,T,130-555-0198,kelly.long119@example.com,198 Main St,,Saskatchewan,Regina,S4P 3C8,1981-02-06,F
120,Alberta,Dennis,Ross,U,241-555-0199,dennis.ross120@example.com,199 Main St,,Alberta,Calgary,T2P 1J9,1982-03-07,M
121,Nova Scotia,Victoria,Foster,V,352-555-0200,victoria.foster121@example.com,200 Main St,,Nova Scotia,Halifax,B3J 1S9,1983-04-08,F